{
  "BUCK_20250627_00000.jpg": {
    "id": 0,
    "timestamp": 1750969907.689808,
    "position": {"x": 324526.989192, "y": 827176.830642, "z": 17.057556},
    "orientation": {"w": 0.792882, "x": -0.104022, "y": -0.161846, "z": -0.578207}
  },
  "BUCK_20250627_00001.jpg": {
    "id": 1,
    "timestamp": 1750969921.020267,
    "position": {"x": 324528.415726, "y": 827164.937933, "z": 16.706089},
    "orientation": {"w": 0.975905, "x": 0.034735, "y": -0.055093, "z": 0.208251}
  },
  "BUCK_20250627_00002.jpg": {
    "id": 2,
    "timestamp": 1750969930.469391,
    "position": {"x": 324536.867613, "y": 827166.500068, "z": 16.925709},
    "orientation": {"w": 0.99139, "x": 0.028326, "y": -0.10662, "z": 0.070538}
  },
  "BUCK_20250627_00003.jpg": {
    "id": 3,
    "timestamp": 1750969952.155432,
    "position": {"x": 324537.294685, "y": 827156.294233, "z": 16.715799},
    "orientation": {"w": 0.759386, "x": -0.064119, "y": -0.074437, "z": -0.64318}
  },
  "BUCK_20250627_00004.jpg": {
    "id": 4,
    "timestamp": 1750969960.552774,
    "position": {"x": 324538.229415, "y": 827147.961448, "z": 16.892636},
    "orientation": {"w": 0.796062, "x": -0.062255, "y": -0.095204, "z": -0.594429}
  },
  "BUCK_20250627_00005.jpg": {
    "id": 5,
    "timestamp": 1750969970.742883,
    "position": {"x": 324539.683765, "y": 827139.880693, "z": 17.031618},
    "orientation": {"w": 0.807188, "x": -0.050084, "y": -0.106135, "z": -0.57851}
  },
  "BUCK_20250627_00006.jpg": {
    "id": 6,
    "timestamp": 1750969981.597822,
    "position": {"x": 324542.017568, "y": 827133.302454, "z": 17.19123},
    "orientation": {"w": 0.863427, "x": -0.040303, "y": -0.081634, "z": -0.496191}
  },
  "BUCK_20250627_00007.jpg": {
    "id": 7,
    "timestamp": 1750970002.614717,
    "position": {"x": 324549.992823, "y": 827135.428542, "z": 17.591113},
    "orientation": {"w": 0.952237, "x": 0.040328, "y": -0.129604, "z": 0.273535}
  },
  "BUCK_20250627_00008.jpg": {
    "id": 8,
    "timestamp": 1750970010.945638,
    "position": {"x": 324558.753077, "y": 827140.104872, "z": 17.628296},
    "orientation": {"w": 0.973742, "x": 0.028135, "y": -0.094986, "z": 0.204968}
  },
  "BUCK_20250627_00009.jpg": {
    "id": 9,
    "timestamp": 1750970031.128316,
    "position": {"x": 324542.582292, "y": 827125.28521, "z": 17.237871},
    "orientation": {"w": 0.771678, "x": -0.111844, "y": -0.119538, "z": -0.614585}
  },
  "BUCK_20250627_00010.jpg": {
    "id": 10,
    "timestamp": 1750970042.029077,
    "position": {"x": 324544.314676, "y": 827116.359452, "z": 17.141911},
    "orientation": {"w": 0.79477, "x": -0.074251, "y": -0.094416, "z": -0.594905}
  },
  "BUCK_20250627_00011.jpg": {
    "id": 11,
    "timestamp": 1750970050.169359,
    "position": {"x": 324545.855049, "y": 827108.259691, "z": 16.969436},
    "orientation": {"w": 0.786193, "x": -0.103973, "y": -0.108191, "z": -0.599487}
  },
  "BUCK_20250627_00012.jpg": {
    "id": 12,
    "timestamp": 1750970058.05154,
    "position": {"x": 324547.595796, "y": 827100.035306, "z": 16.877018},
    "orientation": {"w": 0.813775, "x": -0.108769, "y": -0.106022, "z": -0.56098}
  },
  "BUCK_20250627_00013.jpg": {
    "id": 13,
    "timestamp": 1750970068.299237,
    "position": {"x": 324549.684833, "y": 827092.013053, "z": 16.70363},
    "orientation": {"w": 0.857991, "x": -0.059039, "y": -0.075732, "z": -0.50461}
  },
  "BUCK_20250627_00014.jpg": {
    "id": 14,
    "timestamp": 1750970076.918022,
    "position": {"x": 324554.795787, "y": 827085.452349, "z": 16.766204},
    "orientation": {"w": 0.956657, "x": -0.026829, "y": -0.178699, "z": -0.228375}
  },
  "BUCK_20250627_00015.jpg": {
    "id": 15,
    "timestamp": 1750970084.656507,
    "position": {"x": 324561.932909, "y": 827081.220831, "z": 16.879313},
    "orientation": {"w": 0.935843, "x": -0.0292, "y": -0.159757, "z": -0.312768}
  },
  "BUCK_20250627_00016.jpg": {
    "id": 16,
    "timestamp": 1750970092.637712,
    "position": {"x": 324567.955865, "y": 827074.483475, "z": 16.873848},
    "orientation": {"w": 0.887287, "x": -0.086768, "y": -0.103139, "z": -0.441084}
  },
  "BUCK_20250627_00017.jpg": {
    "id": 17,
    "timestamp": 1750970100.286734,
    "position": {"x": 324571.854799, "y": 827067.011055, "z": 16.928032},
    "orientation": {"w": 0.865387, "x": -0.049666, "y": -0.095816, "z": -0.489345}
  },
  "BUCK_20250627_00018.jpg": {
    "id": 18,
    "timestamp": 1750970106.937341,
    "position": {"x": 324574.962848, "y": 827062.250071, "z": 16.840488},
    "orientation": {"w": 0.967553, "x": -0.022491, "y": -0.122687, "z": -0.219734}
  },
  "BUCK_20250627_00019.jpg": {
    "id": 19,
    "timestamp": 1750970116.317014,
    "position": {"x": 324581.970327, "y": 827063.711273, "z": 16.736941},
    "orientation": {"w": 0.99002, "x": 0.020996, "y": -0.116188, "z": 0.076939}
  },
  "BUCK_20250627_00020.jpg": {
    "id": 20,
    "timestamp": 1750970151.15259,
    "position": {"x": 324555.218714, "y": 827080.269303, "z": 16.728384},
    "orientation": {"w": -0.348501, "x": 0.143979, "y": 0.052191, "z": 0.924713}
  },
  "BUCK_20250627_00021.jpg": {
    "id": 21,
    "timestamp": 1750970159.924368,
    "position": {"x": 324548.965222, "y": 827074.560355, "z": 16.737819},
    "orientation": {"w": -0.111775, "x": 0.165801, "y": 0.060141, "z": 0.977957}
  },
  "BUCK_20250627_00022.jpg": {
    "id": 22,
    "timestamp": 1750970161.905299,
    "position": {"x": 324548.295554, "y": 827074.227535, "z": 16.483668},
    "orientation": {"w": -0.270911, "x": -0.163376, "y": -0.037622, "z": 0.947892}
  },
  "BUCK_20250627_00023.jpg": {
    "id": 23,
    "timestamp": 1750970169.231975,
    "position": {"x": 324543.129137, "y": 827077.602735, "z": 16.837697},
    "orientation": {"w": 0.358569, "x": 0.152818, "y": -0.055276, "z": 0.919249}
  },
  "BUCK_20250627_00024.jpg": {
    "id": 24,
    "timestamp": 1750970173.218255,
    "position": {"x": 324545.070497, "y": 827080.385734, "z": 16.142517},
    "orientation": {"w": 0.946213, "x": -0.129926, "y": 0.246465, "z": 0.164485}
  },
  "BUCK_20250627_00025.jpg": {
    "id": 25,
    "timestamp": 1750970188.385757,
    "position": {"x": 324547.658045, "y": 827082.143275, "z": 16.925085},
    "orientation": {"w": 0.634971, "x": 0.077878, "y": -0.06431, "z": 0.765905}
  },
  "BUCK_20250627_00026.jpg": {
    "id": 26,
    "timestamp": 1750970194.504763,
    "position": {"x": 324541.903591, "y": 827083.813498, "z": 16.499892},
    "orientation": {"w": -0.436446, "x": -0.293341, "y": -0.123353, "z": 0.841576}
  },
  "BUCK_20250627_00027.jpg": {
    "id": 27,
    "timestamp": 1750970200.926617,
    "position": {"x": 324534.159789, "y": 827084.207557, "z": 16.899},
    "orientation": {"w": -0.320879, "x": 0.127336, "y": 0.016309, "z": 0.93838}
  },
  "BUCK_20250627_00028.jpg": {
    "id": 28,
    "timestamp": 1750970202.687833,
    "position": {"x": 324533.344808, "y": 827083.792828, "z": 16.534427},
    "orientation": {"w": -0.281281, "x": -0.07392, "y": -0.000522, "z": 0.956774}
  },
  "BUCK_20250627_00029.jpg": {
    "id": 29,
    "timestamp": 1750970209.035513,
    "position": {"x": 324526.084482, "y": 827079.117056, "z": 16.27057},
    "orientation": {"w": 0.795163, "x": -0.069328, "y": 0.002753, "z": -0.602414}
  },
  "BUCK_20250627_00030.jpg": {
    "id": 30,
    "timestamp": 1750970217.82813,
    "position": {"x": 324521.24047, "y": 827071.177192, "z": 15.97625},
    "orientation": {"w": 0.6094, "x": -0.120739, "y": -0.062876, "z": -0.781089}
  },
  "BUCK_20250627_00031.jpg": {
    "id": 31,
    "timestamp": 1750970225.358186,
    "position": {"x": 324519.344631, "y": 827062.982536, "z": 15.821818},
    "orientation": {"w": 0.669969, "x": -0.080872, "y": -0.050966, "z": -0.736209}
  },
  "BUCK_20250627_00032.jpg": {
    "id": 32,
    "timestamp": 1750970234.941271,
    "position": {"x": 324520.33806, "y": 827052.249358, "z": 15.764699},
    "orientation": {"w": 0.898355, "x": -0.030979, "y": -0.076088, "z": -0.431519}
  },