{
  "JOSH_20250627_ 00000.jpg": {
    "id": 0,
    "timestamp": 1750970642.340544,
    "position": {"x": 324612.42901, "y": 827192.585473, "z": 17.621334},
    "orientation": {"w": 0.843112, "x": 0.004536, "y": 0.003731, "z": -0.537706}
  },
  "JOSH_20250627_ 00001.jpg": {
    "id": 1,
    "timestamp": 1750970657.077807,
    "position": {"x": 324618.580909, "y": 827182.965423, "z": 17.345132},
    "orientation": {"w": 0.754035, "x": -0.088226, "y": -0.132692, "z": -0.637213}
  },
  "JOSH_20250627_ 00002.jpg": {
    "id": 2,
    "timestamp": 1750970674.402179,
    "position": {"x": 324618.082931, "y": 827176.380777, "z": 17.391471},
    "orientation": {"w": 0.813031, "x": -0.072696, "y": -0.119407, "z": -0.565188}
  },
  "JOSH_20250627_ 00003.jpg": {
    "id": 3,
    "timestamp": 1750970683.824975,
    "position": {"x": 324619.71089, "y": 827168.60009, "z": 17.368663},
    "orientation": {"w": 0.787291, "x": -0.080676, "y": -0.11116, "z": -0.601089}
  },
  "JOSH_20250627_ 00004.jpg": {
    "id": 4,
    "timestamp": 1750970694.192169,
    "position": {"x": 324621.229805, "y": 827161.300938, "z": 17.302845},
    "orientation": {"w": 0.786536, "x": -0.072069, "y": -0.103904, "z": -0.604459}
  },
  "JOSH_20250627_ 00005.jpg": {
    "id": 5,
    "timestamp": 1750970702.416669,
    "position": {"x": 324622.305168, "y": 827154.644828, "z": 17.205365},
    "orientation": {"w": 0.821691, "x": -0.093486, "y": -0.166279, "z": -0.537063}
  },
  "JOSH_20250627_ 00006.jpg": {
    "id": 6,
    "timestamp": 1750970712.833635,
    "position": {"x": 324628.389186, "y": 827159.347573, "z": 17.97852},
    "orientation": {"w": 0.907448, "x": 0.04931, "y": -0.12086, "z": 0.399373}
  },
  "JOSH_20250627_ 00007.jpg": {
    "id": 7,
    "timestamp": 1750970722.7625,
    "position": {"x": 324632.682821, "y": 827164.003717, "z": 18.209333},
    "orientation": {"w": 0.961682, "x": 0.041474, "y": -0.136888, "z": 0.233901}
  },
  "JOSH_20250627_ 00008.jpg": {
    "id": 8,
    "timestamp": 1750970741.013481,
    "position": {"x": 324622.771284, "y": 827151.351064, "z": 17.241902},
    "orientation": {"w": 0.7459, "x": -0.067287, "y": -0.108749, "z": -0.653666}
  },
  "JOSH_20250627_ 00009.jpg": {
    "id": 9,
    "timestamp": 1750970751.603919,
    "position": {"x": 324624.031451, "y": 827143.728325, "z": 17.244728},
    "orientation": {"w": 0.789393, "x": -0.090633, "y": -0.128503, "z": -0.593407}
  },
  "JOSH_20250627_ 00010.jpg": {
    "id": 10,
    "timestamp": 1750970763.655122,
    "position": {"x": 324626.029613, "y": 827134.625575, "z": 17.428847},
    "orientation": {"w": 0.736085, "x": -0.112366, "y": -0.100578, "z": -0.659877}
  },
  "JOSH_20250627_ 00011.jpg": {
    "id": 11,
    "timestamp": 1750970781.489383,
    "position": {"x": 324627.07556, "y": 827127.256164, "z": 17.146918},
    "orientation": {"w": 0.826668, "x": -0.104785, "y": -0.123293, "z": -0.538924}
  },
  "JOSH_20250627_ 00012.jpg": {
    "id": 12,
    "timestamp": 1750970791.586666,
    "position": {"x": 324633.465078, "y": 827131.735508, "z": 17.576118},
    "orientation": {"w": 0.84744, "x": 0.086043, "y": -0.17869, "z": 0.492455}
  },
  "JOSH_20250627_ 00013.jpg": {
    "id": 13,
    "timestamp": 1750970798.703274,
    "position": {"x": 324635.606755, "y": 827138.463196, "z": 17.623695},
    "orientation": {"w": 0.937593, "x": 0.058827, "y": -0.112922, "z": 0.323584}
  },
  "JOSH_20250627_ 00014.jpg": {
    "id": 14,
    "timestamp": 1750970806.780362,
    "position": {"x": 324634.812829, "y": 827145.684904, "z": 17.762806},
    "orientation": {"w": 0.983617, "x": 0.016915, "y": -0.12256, "z": 0.131115}
  },
  "JOSH_20250627_ 00015.jpg": {
    "id": 15,
    "timestamp": 1750970814.600482,
    "position": {"x": 324628.098277, "y": 827150.298032, "z": 17.681459},
    "orientation": {"w": 0.031998, "x": 0.196837, "y": -0.035977, "z": 0.979253}
  },
  "JOSH_20250627_ 00016.jpg": {
    "id": 16,
    "timestamp": 1750970848.33185,
    "position": {"x": 324627.730537, "y": 827121.988072, "z": 17.24541},
    "orientation": {"w": 0.812393, "x": -0.069628, "y": -0.112974, "z": -0.567808}
  },
  "JOSH_20250627_ 00017.jpg": {
    "id": 17,
    "timestamp": 1750970859.152281,
    "position": {"x": 324636.222094, "y": 827122.699579, "z": 17.154702},
    "orientation": {"w": 0.985108, "x": -0.001503, "y": -0.171832, "z": 0.005848}
  },
  "JOSH_20250627_ 00018.jpg": {
    "id": 18,
    "timestamp": 1750970868.196286,
    "position": {"x": 324645.038832, "y": 827122.005794, "z": 16.796665},
    "orientation": {"w": 0.992293, "x": 0.014872, "y": -0.12289, "z": 0.00567}
  },
  "JOSH_20250627_ 00019.jpg": {
    "id": 19,
    "timestamp": 1750970879.088945,
    "position": {"x": 324652.867867, "y": 827123.207878, "z": 16.236615},
    "orientation": {"w": 0.987987, "x": 0.01704, "y": -0.129613, "z": 0.082414}
  },
  "JOSH_20250627_ 00020.jpg": {
    "id": 20,
    "timestamp": 1750970880.902886,
    "position": {"x": 324653.309687, "y": 827123.440452, "z": 15.944539},
    "orientation": {"w": 0.979194, "x": -0.010211, "y": 0.138276, "z": 0.148168}
  },
  "JOSH_20250627_ 00021.jpg": {
    "id": 21,
    "timestamp": 1750970890.331015,
    "position": {"x": 324659.441255, "y": 827124.278068, "z": 15.36583},
    "orientation": {"w": 0.957529, "x": 0.046818, "y": -0.105049, "z": 0.264409}
  },
  "JOSH_20250627_ 00022.jpg": {
    "id": 22,
    "timestamp": 1750970899.290192,
    "position": {"x": 324666.753492, "y": 827127.242046, "z": 14.318117},
    "orientation": {"w": 0.9334, "x": 0.045523, "y": -0.160308, "z": 0.317796}
  },
  "JOSH_20250627_ 00023.jpg": {
    "id": 23,
    "timestamp": 1750970908.431181,
    "position": {"x": 324669.180652, "y": 827135.695307, "z": 13.752337},
    "orientation": {"w": 0.904468, "x": 0.075533, "y": -0.187094, "z": 0.375802}
  },
  "JOSH_20250627_ 00024.jpg": {
    "id": 24,
    "timestamp": 1750970952.092356,
    "position": {"x": 324628.795787, "y": 827116.606657, "z": 16.941519},
    "orientation": {"w": 0.870569, "x": -0.081187, "y": -0.110361, "z": -0.472586}
  },
  "JOSH_20250627_ 00025.jpg": {
    "id": 25,
    "timestamp": 1750970964.800912,
    "position": {"x": 324639.825262, "y": 827107.852364, "z": 16.983181},
    "orientation": {"w": 0.98246, "x": -0.021277, "y": -0.113666, "z": -0.146285}
  },
  "JOSH_20250627_ 00026.jpg": {
    "id": 26,
    "timestamp": 1750970974.742878,
    "position": {"x": 324649.190182, "y": 827107.425218, "z": 17.214991},
    "orientation": {"w": 0.972526, "x": 0.037542, "y": -0.143345, "z": 0.179542}
  },
  "JOSH_20250627_ 00027.jpg": {
    "id": 27,
    "timestamp": 1750970996.614854,
    "position": {"x": 324631.04159, "y": 827106.72003, "z": 16.603333},
    "orientation": {"w": 0.789773, "x": -0.120905, "y": -0.102852, "z": -0.592505}
  },
  "JOSH_20250627_ 00028.jpg": {
    "id": 28,
    "timestamp": 1750971003.897778,
    "position": {"x": 324633.328476, "y": 827100.179033, "z": 16.555894},
    "orientation": {"w": 0.815902, "x": -0.118566, "y": -0.167889, "z": -0.540426}
  },
  "JOSH_20250627_ 00029.jpg": {
    "id": 29,
    "timestamp": 1750971005.781162,
    "position": {"x": 324633.511657, "y": 827099.514216, "z": 16.297084},
    "orientation": {"w": 0.824234, "x": 0.052825, "y": 0.078079, "z": -0.558347}
  },
  "JOSH_20250627_ 00030.jpg": {
    "id": 30,
    "timestamp": 1750971011.98923,
    "position": {"x": 324635.725138, "y": 827092.966872, "z": 16.749996},
    "orientation": {"w": 0.749632, "x": -0.159674, "y": -0.177576, "z": -0.617271}
  },
  "JOSH_20250627_ 00031.jpg": {
    "id": 31,
    "timestamp": 1750971030.940682,
    "position": {"x": 324636.25252, "y": 827088.751693, "z": 16.681773},
    "orientation": {"w": 0.765948, "x": -0.119864, "y": -0.120727, "z": -0.619984}
  },
  "JOSH_20250627_ 00032.jpg": {
    "id": 32,
    "timestamp": 1750971042.831908,
    "position": {"x": 324635.273066, "y": 827080.12131, "z": 16.563104},
    "orientation": {"w": 0.972964, "x": 0.00589, "y": 0.229936, "z": 0.020894}
  },