{
  "RIDGEVALE_20250626_ 00000.jpg": {
    "id": 0,
    "timestamp": 1750956764.490688,
    "position": {"x": 324206.276278, "y": 827026.105082, "z": 19.598627},
    "orientation": {"w": -0.027517, "x": 0.156159, "y": -0.009439, "z": 0.987303}
  },
  "RIDGEVALE_20250626_ 00001.jpg": {
    "id": 1,
    "timestamp": 1750956774.427169,
    "position": {"x": 324197.778349, "y": 827026.123505, "z": 19.731007},
    "orientation": {"w": -0.013453, "x": 0.182541, "y": -0.016214, "z": 0.982972}
  },
  "RIDGEVALE_20250626_ 00002.jpg": {
    "id": 2,
    "timestamp": 1750956784.906244,
    "position": {"x": 324195.900704, "y": 827017.81722, "z": 19.594874},
    "orientation": {"w": 0.660662, "x": -0.127954, "y": -0.097923, "z": -0.733188}
  },
  "RIDGEVALE_20250626_ 00003.jpg": {
    "id": 3,
    "timestamp": 1750956804.385032,
    "position": {"x": 324195.276959, "y": 827009.306211, "z": 19.589786},
    "orientation": {"w": 0.710652, "x": -0.121509, "y": -0.057756, "z": -0.69056}
  },
  "RIDGEVALE_20250626_ 00004.jpg": {
    "id": 4,
    "timestamp": 1750956815.905698,
    "position": {"x": 324194.575082, "y": 827000.501214, "z": 19.658441},
    "orientation": {"w": 0.662487, "x": -0.091489, "y": -0.100933, "z": -0.736582}
  },
  "RIDGEVALE_20250626_ 00005.jpg": {
    "id": 5,
    "timestamp": 1750956826.737376,
    "position": {"x": 324194.041317, "y": 826991.539614, "z": 19.76487},
    "orientation": {"w": 0.720246, "x": -0.061902, "y": -0.051777, "z": -0.689008}
  },
  "RIDGEVALE_20250626_ 00006.jpg": {
    "id": 6,
    "timestamp": 1750956835.345606,
    "position": {"x": 324193.916381, "y": 826982.38201, "z": 19.778498},
    "orientation": {"w": 0.67874, "x": -0.146268, "y": -0.071842, "z": -0.71607}
  },
  "RIDGEVALE_20250626_ 00007.jpg": {
    "id": 7,
    "timestamp": 1750956857.517682,
    "position": {"x": 324193.378245, "y": 826973.31546, "z": 19.670663},
    "orientation": {"w": 0.700914, "x": -0.107077, "y": -0.058768, "z": -0.70271}
  },
  "RIDGEVALE_20250626_ 00008.jpg": {
    "id": 8,
    "timestamp": 1750956867.878086,
    "position": {"x": 324192.590026, "y": 826963.759047, "z": 19.589477},
    "orientation": {"w": 0.723354, "x": -0.08904, "y": -0.098295, "z": -0.67762}
  },
  "RIDGEVALE_20250626_ 00009.jpg": {
    "id": 9,
    "timestamp": 1750956878.106297,
    "position": {"x": 324192.051142, "y": 826954.565594, "z": 19.459886},
    "orientation": {"w": 0.710127, "x": -0.065759, "y": -0.083187, "z": -0.696043}
  },
  "RIDGEVALE_20250626_ 00010.jpg": {
    "id": 10,
    "timestamp": 1750956887.640824,
    "position": {"x": 324192.08538, "y": 826946.81551, "z": 19.450044},
    "orientation": {"w": 0.702303, "x": -0.101614, "y": -0.097659, "z": -0.697787}
  },
  "RIDGEVALE_20250626_ 00011.jpg": {
    "id": 11,
    "timestamp": 1750956909.349722,
    "position": {"x": 324191.603651, "y": 826941.405446, "z": 19.332621},
    "orientation": {"w": 0.202597, "x": 0.114528, "y": -0.064639, "z": 0.970392}
  },
  "RIDGEVALE_20250626_ 00012.jpg": {
    "id": 12,
    "timestamp": 1750956919.576872,
    "position": {"x": 324185.791279, "y": 826946.58358, "z": 19.400737},
    "orientation": {"w": 0.698882, "x": 0.095681, "y": -0.146946, "z": 0.693409}
  },
  "RIDGEVALE_20250626_ 00013.jpg": {
    "id": 13,
    "timestamp": 1750956930.608236,
    "position": {"x": 324186.237133, "y": 826955.785167, "z": 19.485768},
    "orientation": {"w": 0.703091, "x": 0.086351, "y": -0.070404, "z": 0.702317}
  },
  "RIDGEVALE_20250626_ 00014.jpg": {
    "id": 14,
    "timestamp": 1750956940.778952,
    "position": {"x": 324186.81806, "y": 826964.320082, "z": 19.61862},
    "orientation": {"w": 0.670507, "x": 0.104973, "y": -0.095939, "z": 0.728147}
  },
  "RIDGEVALE_20250626_ 00015.jpg": {
    "id": 15,
    "timestamp": 1750956948.247318,
    "position": {"x": 324187.192006, "y": 826971.966754, "z": 19.733553},
    "orientation": {"w": 0.688649, "x": 0.140848, "y": -0.135024, "z": 0.69835}
  },
  "RIDGEVALE_20250626_ 00016.jpg": {
    "id": 16,
    "timestamp": 1750956957.597191,
    "position": {"x": 324187.483254, "y": 826982.047517, "z": 19.735271},
    "orientation": {"w": 0.699382, "x": 0.085859, "y": -0.120543, "z": 0.699259}
  },
  "RIDGEVALE_20250626_ 00017.jpg": {
    "id": 17,
    "timestamp": 1750956967.915249,
    "position": {"x": 324187.993624, "y": 826990.612816, "z": 19.717159},
    "orientation": {"w": 0.692873, "x": 0.052967, "y": -0.07038, "z": 0.71566}
  },
  "RIDGEVALE_20250626_ 00018.jpg": {
    "id": 18,
    "timestamp": 1750956977.805917,
    "position": {"x": 324188.402104, "y": 826998.942433, "z": 19.721113},
    "orientation": {"w": 0.726908, "x": 0.098583, "y": -0.111411, "z": 0.670428}
  },
  "RIDGEVALE_20250626_ 00019.jpg": {
    "id": 19,
    "timestamp": 1750956998.609084,
    "position": {"x": 324188.437529, "y": 827007.669601, "z": 19.727798},
    "orientation": {"w": 0.770338, "x": 0.030344, "y": -0.095531, "z": 0.629708}
  },
  "RIDGEVALE_20250626_ 00020.jpg": {
    "id": 20,
    "timestamp": 1750957009.088201,
    "position": {"x": 324188.629598, "y": 827016.213694, "z": 19.636899},
    "orientation": {"w": 0.683718, "x": 0.08157, "y": -0.1222, "z": 0.714803}
  },
  "RIDGEVALE_20250626_ 00021.jpg": {
    "id": 21,
    "timestamp": 1750957019.20342,
    "position": {"x": 324188.954229, "y": 827025.47583, "z": 19.593109},
    "orientation": {"w": 0.776781, "x": 0.094361, "y": -0.089374, "z": 0.616213}
  },
  "RIDGEVALE_20250626_ 00022.jpg": {
    "id": 22,
    "timestamp": 1750957023.540745,
    "position": {"x": 324189.4028, "y": 827027.522922, "z": 19.571779},
    "orientation": {"w": -0.000768, "x": 0.025426, "y": -0.018182, "z": 0.999511}
  },
  "RIDGEVALE_20250626_ 00023.jpg": {
    "id": 23,
    "timestamp": 1750957029.423247,
    "position": {"x": 324189.616796, "y": 827033.541423, "z": 19.629767},
    "orientation": {"w": 0.715606, "x": 0.098531, "y": -0.130512, "z": 0.679092}
  },
  "RIDGEVALE_20250626_ 00024.jpg": {
    "id": 24,
    "timestamp": 1750957046.497834,
    "position": {"x": 324189.847182, "y": 827040.020847, "z": 19.586869},
    "orientation": {"w": 0.680351, "x": 0.108624, "y": -0.14744, "z": 0.709637}
  },
  "RIDGEVALE_20250626_ 00025.jpg": {
    "id": 25,
    "timestamp": 1750957056.224411,
    "position": {"x": 324189.803901, "y": 827048.731992, "z": 19.620813},
    "orientation": {"w": 0.690035, "x": 0.085324, "y": -0.12467, "z": 0.707834}
  },
  "RIDGEVALE_20250626_ 00026.jpg": {
    "id": 26,
    "timestamp": 1750957064.467179,
    "position": {"x": 324190.046974, "y": 827058.325552, "z": 19.59642},
    "orientation": {"w": 0.66801, "x": 0.107995, "y": -0.127203, "z": 0.725203}
  },
  "RIDGEVALE_20250626_ 00027.jpg": {
    "id": 27,
    "timestamp": 1750957072.498769,
    "position": {"x": 324189.979438, "y": 827066.796563, "z": 19.505108},
    "orientation": {"w": 0.727352, "x": 0.128993, "y": -0.138744, "z": 0.659598}
  },
  "RIDGEVALE_20250626_ 00028.jpg": {
    "id": 28,
    "timestamp": 1750957083.316577,
    "position": {"x": 324189.916443, "y": 827075.488628, "z": 19.321046},
    "orientation": {"w": 0.660097, "x": 0.090128, "y": -0.069402, "z": 0.742518}
  },
  "RIDGEVALE_20250626_ 00029.jpg": {
    "id": 29,
    "timestamp": 1750957094.201378,
    "position": {"x": 324189.289133, "y": 827083.810163, "z": 19.219846},
    "orientation": {"w": 0.632974, "x": 0.097419, "y": -0.066601, "z": 0.765126}
  },
  "RIDGEVALE_20250626_ 00030.jpg": {
    "id": 30,
    "timestamp": 1750957102.184639,
    "position": {"x": 324185.826948, "y": 827090.897869, "z": 19.231959},
    "orientation": {"w": 0.124452, "x": 0.042807, "y": -0.099378, "z": 0.986308}
  },
  "RIDGEVALE_20250626_ 00031.jpg": {
    "id": 31,
    "timestamp": 1750957110.819884,
    "position": {"x": 324179.455885, "y": 827095.409142, "z": 19.040226},
    "orientation": {"w": 0.368232, "x": 0.079711, "y": -0.063601, "z": 0.924124}
  },
  "RIDGEVALE_20250626_ 00032.jpg": {
    "id": 32,
    "timestamp": 1750957120.438005,